{
    "LGBM": {
        "learning_rate": 0.1925364080471194,
        "num_leaves": 108,
        "max_depth": 6,
        "min_child_samples": 39,
        "lambda_l1": 3.6534972513510846,
        "lambda_l2": 0.18118844059948547
    },
    "XGBoost": {
        "learning_rate": 0.059963338824126605,
        "max_depth": 14,
        "min_child_weight": 1,
        "subsample": 0.5979914312095727,
        "colsample_bytree": 0.522613644455269,
        "gamma": 1.6266516538163218,
        "reg_alpha": 1.9433864484474102,
        "reg_lambda": 1.3567451588694794,
        "n_estimators": 133
    },
    "RandomForest": {
        "n_estimators": 191,
        "max_depth": 45,
        "min_samples_split": 13,
        "min_samples_leaf": 19,
        "max_features": "log2",
        "bootstrap": false,
        "criterion": "entropy",
        "class_weight": null
    }
}